Metric,Local (regression_summary.csv),Degree Days (Equation 2)
R2,0.9872324297698556,0.707758160321588
R2 adjusted,0.9854084911655492,0.6799256041617392
CVRMSE,12.3491281002232,0.1225805263992884
Baseload (b),548.8889135187321,549.3552856577637
HDD coef (h),40.95613290211426,41.15091575214513
CDD coef (c),80.51896725465798,80.64084456950883
